{
  "accuracy": 0.5607973421926911,
  "precision_macro": 0.5908637401785617,
  "recall_macro": 0.5014101976487995,
  "f1_macro": 0.5095913497954855,
  "precision_weighted": 0.5796708977919823,
  "recall_weighted": 0.5607973421926911,
  "f1_weighted": 0.5363681368623802
}