{
  "accuracy": 0.5959595959595959,
  "precision_macro": 0.7217217217217217,
  "recall_macro": 0.5201708228475558,
  "f1_macro": 0.5422218474166526,
  "precision_weighted": 0.6665149998483333,
  "recall_weighted": 0.5959595959595959,
  "f1_weighted": 0.5683798688521239
}