{
  "accuracy": 0.7993355481727574,
  "precision_macro": 0.8114032778865427,
  "recall_macro": 0.7732876742428237,
  "f1_macro": 0.7861917137179207,
  "precision_weighted": 0.8032575820116045,
  "recall_weighted": 0.7993355481727574,
  "f1_weighted": 0.7949790987299326
}