{
  "accuracy": 0.8080808080808081,
  "precision_macro": 0.8478835978835978,
  "recall_macro": 0.777418265407284,
  "f1_macro": 0.7974678488697181,
  "precision_weighted": 0.8279220779220778,
  "recall_weighted": 0.8080808080808081,
  "f1_weighted": 0.8021952087372649
}